{
    "p50": 501.1050330067519,
    "p95": 504.58026154665276,
    "p99": 506.71602671733126,
    "min": 500.2781199873425,
    "max": 507.2499680100009,
    "count": 10
}