{
    "p50": 501.13430951023474,
    "p95": 541.6070054809097,
    "p99": 550.4946170758922,
    "min": 500.22857397561893,
    "max": 552.7165199746378,
    "count": 10
}