{
  "scenario": "normal",
  "duration_seconds": 61.79626965522766,
  "total_frames": 1757,
  "frames_dropped": 0,
  "latency": {
    "p50_ms": 0.43320655822753906,
    "p95_ms": 5.397424697875976,
    "p99_ms": 5.397424697875976,
    "avg_ms": 0.7751186915806362
  },
  "aec": {
    "erle_db_avg": NaN,
    "convergence_rate_percent": 0.0,
    "double_talk_frames": 1726
  },
  "vad": {
    "accuracy_percent": 90.0,
    "speech_frames": 1757,
    "silence_frames": 0
  },
  "frame_drop_rate_percent": 0.0,
  "telemetry_points": 1757
}