{
  "scenario": "normal",
  "duration_seconds": 62.04684329032898,
  "total_frames": 1738,
  "frames_dropped": 0,
  "latency": {
    "p50_ms": 0.44548511505126953,
    "p95_ms": 5.606796741485597,
    "p99_ms": 5.606796741485597,
    "avg_ms": 0.7267276675714923
  },
  "aec": {
    "erle_db_avg": NaN,
    "convergence_rate_percent": 0.0,
    "double_talk_frames": 1707
  },
  "vad": {
    "accuracy_percent": 90.0,
    "speech_frames": 1738,
    "silence_frames": 0
  },
  "frame_drop_rate_percent": 0.0,
  "telemetry_points": 1738
}