{
  "session_id": "benchmark_1772736704929",
  "start_time": 1772736704.9291992,
  "end_time": 1772736720.4217951,
  "total_frames": 456,
  "frames_dropped": 0,
  "frames_speech": 0,
  "frames_silence": 456,
  "latency_p50_ms": 0.7813570000507752,
  "latency_p95_ms": 3.697591999980432,
  "latency_p99_ms": 6.369571999812251,
  "latency_avg_ms": 1.2646094035112423,
  "latency_max_ms": 8.212263000132225,
  "erle_avg_db": 0,
  "aec_convergence_rate": 0.0,
  "double_talk_frames": 453,
  "vad_accuracy": 0.0,
  "speech_ratio": 0.0,
  "jitter_ms": 1.0463833318661293
}