{
  "session_id": "benchmark_1772736687045",
  "start_time": 1772736687.045502,
  "end_time": 1772736697.825736,
  "total_frames": 311,
  "frames_dropped": 0,
  "frames_speech": 0,
  "frames_silence": 311,
  "latency_p50_ms": 0.5796349998945516,
  "latency_p95_ms": 3.5517449998678785,
  "latency_p99_ms": 4.108460999987074,
  "latency_avg_ms": 1.0527858327894202,
  "latency_max_ms": 19.80491799986339,
  "erle_avg_db": 0,
  "aec_convergence_rate": 0.0,
  "double_talk_frames": 308,
  "vad_accuracy": 0.0,
  "speech_ratio": 0.0,
  "jitter_ms": 0.9314580419186314
}